<?xml version="1.0" encoding="UTF-8"?>
<beans xmlns="http://www.springframework.org/schema/beans" xmlns:xsi="http://www.w3.org/2001/XMLSchema-instance"
		xmlns:p="http://www.springframework.org/schema/p" 
		xmlns:context="http://www.springframework.org/schema/context"
		xmlns:mvc="http://www.springframework.org/schema/mvc"
		xsi:schemaLocation="http://www.springframework.org/schema/beans https://www.springframework.org/schema/beans/spring-beans.xsd
				http://www.springframework.org/schema/context https://www.springframework.org/schema/context/spring-context.xsd
				http://www.springframework.org/schema/mvc https://www.springframework.org/schema/mvc/spring-mvc.xsd">

	<!-- The controllers are autodetected POJOs labeled with the @Controller annotation. -->
	<context:component-scan base-package="org.springframework.data.redis.samples.retwisj"/>

    <!-- Portable static resource handler -->
	<mvc:resources mapping="/static/**" location="/static/" cache-period="31556926"/>

	<mvc:annotation-driven/>

	<mvc:interceptors>
		<bean class="org.springframework.web.servlet.i18n.LocaleChangeInterceptor" p:paramName="lang"/>
        <bean class="org.springframework.data.redis.samples.retwisj.web.CookieInterceptor" />
	</mvc:interceptors>

	<bean id="localeResolver" class="org.springframework.web.servlet.i18n.CookieLocaleResolver"/>

	<!--
		- This bean configures the 'prefix' and 'suffix' properties of
		- InternalResourceViewResolver, which resolves logical view names
		- returned by Controllers. For example, a logical view name of "vets"
		- will be mapped to "/WEB-INF/jsp/vets.jsp".
	-->
	<bean class="org.springframework.web.servlet.view.InternalResourceViewResolver" p:prefix="/WEB-INF/jsp/"
			p:suffix=".jsp"/>

	<!--
		- Message source for this context, loaded from localized "messages_xx" files.
		- Could also reside in the root application context, as it is generic,
		- but is currently just used within Retwis's web tier.
	-->
	<bean id="messageSource" class="org.springframework.context.support.ResourceBundleMessageSource"
			p:basename="messages"/>
</beans>