<?xml version="1.0" encoding="UTF-8"?>
<book xmlns="http://docbook.org/ns/docbook" version="5.0"
    xml:id="spring-data-keyvalue-reference"
    xmlns:xi="http://www.w3.org/2001/XInclude"
    xmlns:xlink="http://www.w3.org/1999/xlink">

    <bookinfo>
        <title>Spring Data Redis - Retwis-J</title>
        <titleabbrev>Retwis-J</titleabbrev>
        <!--
        <releaseinfo>${version}</releaseinfo>
        -->
        <productname>Retwis-J</productname>

        <authorgroup>
            <author>
                <firstname>Costin</firstname>
                <surname>Leau</surname>
                <affiliation>SpringSource</affiliation>
            </author>
        </authorgroup>

        <legalnotice>
            <para>
                Copies of this document may be made for your own use and for distribution
                to others, provided that you do not charge any fee for such copies and
                further provided that each copy contains this Copyright Notice, whether
                distributed in print or electronically.
            </para>
        </legalnotice>
    </bookinfo>

    <toc/>

   <xi:include href="retwisj.xml"/>
</book>